<?xml version="1.0" encoding="UTF-8" standalone="yes"?>
<addon id="plugin.video.youtubeAddon"
	name="Nepali Channels"
	version="1.0.2"
	provider-name="Ashish">
  <requires>
    <import addon="xbmc.python" version="2.1.0"/>
    <import addon="script.module.addon.common" version="2.0.0"/>
    <import addon="plugin.video.youtube" version="5.0.0"/>
    <import addon="script.module.beautifulsoup" version="3.2.1"/>
    <import addon="script.module.beautifulsoup4" />
    <import addon="script.module.simple.downloader" version="0.9.4"/>
    <import addon="script.module.httplib2" />
    <import addon="script.module.youtube.dl" optional="true"/>
    <import addon="script.module.urlresolver" optional="true"/>
  </requires>
  <extension point="xbmc.python.pluginsource" library="default.py">
    <provides>video</provides>
  </extension>
  <extension point="xbmc.addon.metadata">
    <summary lang="en">Ashish's YouTube Channel and others</summary>
    <description lang="en">Best youtuber for Kodi </description>
    <platform>all</platform>
  </extension>
</addon>
