<?xml version="1.0" encoding="UTF-8" standalone="yes"?>
<addon id="plugin.video.youtubeAddon"
	name="Kodi Tutorials"
	version="1.0.2"
	provider-name="Simple TechNerd">
  <requires>
    <import addon="xbmc.python" version="2.1.0"/>
    <import addon="script.module.addon.common" version="2.0.0"/>
    <import addon="plugin.video.youtube" version="5.0.0"/>
  </requires>
  <extension point="xbmc.python.pluginsource" library="default.py">
    <provides>video</provides>
  </extension>
  <extension point="xbmc.addon.metadata">
    <summary lang="en">Simple TechNerd's YouTube Channel and others</summary>
    <description lang="en">Best youtuber for Kodi tutorials</description>
    <platform>all</platform>
  </extension>
</addon>
